APT-ID,Date,Start Time,End Time,Car ID,Location,Teacher Name,Student Name,Class ID,PUDO,Canceled,No-Show,Notes
apt0001,8/1/2025,8:00 AM,10:00 AM,Car 3,GA,Pat Reese,Avery Chen,PL3,0,FALSE,FALSE,
apt0002,8/1/2025,10:00 AM,12:00 PM,Car 3,GA,Pat Reese,Jordan Patel,PL5,0,FALSE,FALSE,
apt0003,8/1/2025,4:00 PM,6:00 PM,Car 3,GA,Morgan Price,Morgan Lee,ABTW3,0,FALSE,FALSE,
apt0004,8/1/2025,6:00 PM,8:00 PM,Car 3,GA,Morgan Price,River Singh,TBTW7,0,FALSE,FALSE,
apt0005,8/2/2025,8:00 AM,10:00 AM,Car 1,GA,Jake Morrison,Casey Diaz,PL3,0,FALSE,FALSE,
apt0006,8/2/2025,10:00 AM,12:00 PM,Car 1,GA,Jake Morrison,Alexis Moore,PL5,0,FALSE,FALSE,
apt0007,8/2/2025,8:00 AM,10:00 AM,Car 2,CH,Michelle Noyes,Blake Turner,ABTW3,0,FALSE,FALSE,
apt0008,8/2/2025,10:00 AM,12:00 PM,Car 2,CH,Michelle Noyes,Cameron Young,TBTW7,0,FALSE,FALSE,
apt0009,8/2/2025,8:00 AM,10:00 AM,Car 3,GA,Isabel Torres,Drew Hawkins,PL3,0,FALSE,FALSE,
apt0010,8/2/2025,10:00 AM,12:00 PM,Car 3,GA,Isabel Torres,Emery Soto,PL5,0,FALSE,FALSE,
apt0011,8/2/2025,12:00 PM,2:00 PM,Car 1,GA,Talia Nguyen,Finley Garcia,ABTW3,0,FALSE,FALSE,
apt0012,8/2/2025,2:00 PM,4:00 PM,Car 1,GA,Talia Nguyen,Hayden Kim,TBTW7,0,FALSE,FALSE,
apt0013,8/2/2025,12:00 PM,2:00 PM,Car 2,CH,Omar Ruiz,Jamie Rodriguez,PL3,0,FALSE,FALSE,
apt0014,8/2/2025,2:00 PM,4:00 PM,Car 2,CH,Omar Ruiz,Kendall Martinez,PL5,0,FALSE,FALSE,
apt0015,8/2/2025,4:00 PM,6:00 PM,Car 1,GA,Priya Shah,Logan Thompson,ABTW3,0,FALSE,FALSE,
apt0016,8/2/2025,6:00 PM,8:00 PM,Car 1,GA,Priya Shah,Madison White,TBTW7,0,FALSE,FALSE,
apt0017,8/2/2025,4:00 PM,6:00 PM,Car 2,CH,Lucas Bennett,Noah Anderson,PL3,0,FALSE,FALSE,
apt0018,8/2/2025,6:00 PM,8:00 PM,Car 2,CH,Lucas Bennett,Olivia Jackson,PL5,0,FALSE,FALSE,
apt0019,8/3/2025,8:00 AM,10:00 AM,Car 1,GA,Samira Ochoa,Parker Davis,ABTW3,0,FALSE,FALSE,
apt0020,8/3/2025,10:00 AM,12:00 PM,Car 1,GA,Samira Ochoa,Quinn Wilson,TBTW7,0,FALSE,FALSE,
apt0021,8/3/2025,8:00 AM,10:00 AM,Car 2,CH,Noah Kim,Riley Brown,PL3,0,FALSE,FALSE,
apt0022,8/3/2025,10:00 AM,12:00 PM,Car 2,CH,Noah Kim,Sawyer Taylor,PL5,0,FALSE,FALSE,
apt0023,8/3/2025,12:00 PM,2:00 PM,Car 1,GA,Helena Brooks,Taylor Moore,ABTW3,0,FALSE,FALSE,
apt0024,8/3/2025,2:00 PM,4:00 PM,Car 1,GA,Helena Brooks,Sage Martin,TBTW7,0,FALSE,FALSE,
apt0025,8/3/2025,12:00 PM,2:00 PM,Car 2,CH,Riley Chen,Jordan Lee,PL3,0,FALSE,FALSE,
apt0026,8/3/2025,2:00 PM,4:00 PM,Car 2,CH,Riley Chen,Avery Harris,PL5,0,FALSE,FALSE,
apt0027,8/3/2025,4:00 PM,6:00 PM,Car 3,GA,Morgan Price,Morgan Clark,ABTW3,0,FALSE,FALSE,
apt0028,8/3/2025,6:00 PM,8:00 PM,Car 3,GA,Morgan Price,Casey Lewis,TBTW7,0,FALSE,FALSE,
apt0029,8/4/2025,8:00 AM,10:00 AM,Car 1,GA,Jake Morrison,Alex Robinson,PL3,0,FALSE,FALSE,
apt0030,8/4/2025,10:00 AM,12:00 PM,Car 1,GA,Jake Morrison,Sam Walker,PL5,0,FALSE,FALSE,
apt0031,8/4/2025,12:00 PM,2:00 PM,Car 1,GA,Jake Morrison,Charlie Hall,ABTW3,0,FALSE,FALSE,
apt0032,8/4/2025,2:00 PM,4:00 PM,Car 1,GA,Jake Morrison,Devon Allen,TBTW7,0,FALSE,FALSE,
apt0033,8/4/2025,4:00 PM,6:00 PM,Car 1,GA,Talia Nguyen,Ellis Young,PL3,0,FALSE,FALSE,
apt0034,8/4/2025,6:00 PM,8:00 PM,Car 1,GA,Talia Nguyen,Frankie King,PL5,0,FALSE,FALSE,
apt0035,8/5/2025,8:00 AM,10:00 AM,Car 2,CH,Samira Ochoa,Gray Wright,ABTW3,0,FALSE,FALSE,
apt0036,8/5/2025,10:00 AM,12:00 PM,Car 2,CH,Samira Ochoa,Harper Scott,TBTW7,0,FALSE,FALSE,
apt0037,8/5/2025,12:00 PM,2:00 PM,Car 2,CH,Michelle Noyes,Indigo Green,PL3,0,FALSE,FALSE,
apt0038,8/5/2025,2:00 PM,4:00 PM,Car 2,CH,Michelle Noyes,Jules Adams,PL5,0,FALSE,FALSE,
apt0039,8/5/2025,4:00 PM,6:00 PM,Car 2,CH,Omar Ruiz,Kai Baker,ABTW3,0,FALSE,FALSE,
apt0040,8/5/2025,6:00 PM,8:00 PM,Car 2,CH,Omar Ruiz,Lane Nelson,TBTW7,0,FALSE,FALSE,
apt0041,8/6/2025,8:00 AM,10:00 AM,Car 3,GA,Helena Brooks,Milan Carter,PL3,0,FALSE,FALSE,
apt0042,8/6/2025,10:00 AM,12:00 PM,Car 3,GA,Helena Brooks,Noel Mitchell,PL5,0,FALSE,FALSE,
apt0043,8/6/2025,12:00 PM,2:00 PM,Car 3,GA,Helena Brooks,Ocean Perez,ABTW3,0,FALSE,FALSE,
apt0044,8/6/2025,2:00 PM,4:00 PM,Car 3,GA,Helena Brooks,Phoenix Roberts,TBTW7,0,FALSE,FALSE,
apt0045,8/6/2025,4:00 PM,6:00 PM,Car 3,GA,Priya Shah,Reese Turner,PL3,0,FALSE,FALSE,
apt0046,8/6/2025,6:00 PM,8:00 PM,Car 3,GA,Priya Shah,Skyler Phillips,PL5,0,FALSE,FALSE,
apt0047,8/7/2025,8:00 AM,10:00 AM,Car 1,GA,Dev Patel,Tatum Campbell,ABTW3,0,FALSE,FALSE,
apt0048,8/7/2025,10:00 AM,12:00 PM,Car 1,GA,Dev Patel,Unity Parker,TBTW7,0,FALSE,FALSE,
apt0049,8/7/2025,12:00 PM,2:00 PM,Car 1,GA,Lucas Bennett,Vale Evans,PL3,0,FALSE,FALSE,
apt0050,8/7/2025,2:00 PM,4:00 PM,Car 1,GA,Lucas Bennett,Winter Edwards,PL5,0,FALSE,FALSE,
apt0051,8/7/2025,4:00 PM,6:00 PM,Car 1,GA,Riley Chen,Xander Collins,ABTW3,0,FALSE,FALSE,
apt0052,8/7/2025,6:00 PM,8:00 PM,Car 1,GA,Riley Chen,Yuki Stewart,TBTW7,0,FALSE,FALSE,
apt0053,8/8/2025,8:00 AM,10:00 AM,Car 3,GA,Pat Reese,Zion Sanchez,PL3,0,FALSE,FALSE,
apt0054,8/8/2025,10:00 AM,12:00 PM,Car 3,GA,Pat Reese,Arden Morris,PL5,0,FALSE,FALSE,
apt0055,8/8/2025,4:00 PM,6:00 PM,Car 3,GA,Morgan Price,Blair Rogers,ABTW3,0,FALSE,FALSE,
apt0056,8/8/2025,6:00 PM,8:00 PM,Car 3,GA,Morgan Price,Avery Chen,TBTW7,0,FALSE,FALSE,
apt0057,8/9/2025,8:00 AM,10:00 AM,Car 1,GA,Jake Morrison,Jordan Patel,PL3,0,FALSE,FALSE,
apt0058,8/9/2025,10:00 AM,12:00 PM,Car 1,GA,Jake Morrison,Morgan Lee,PL5,0,FALSE,FALSE,
apt0059,8/9/2025,8:00 AM,10:00 AM,Car 2,CH,Michelle Noyes,River Singh,ABTW3,0,FALSE,FALSE,
apt0060,8/9/2025,10:00 AM,12:00 PM,Car 2,CH,Michelle Noyes,Casey Diaz,TBTW7,0,FALSE,FALSE,
apt0061,8/9/2025,8:00 AM,10:00 AM,Car 3,GA,Isabel Torres,Alexis Moore,PL3,0,FALSE,FALSE,
apt0062,8/9/2025,10:00 AM,12:00 PM,Car 3,GA,Isabel Torres,Blake Turner,PL5,0,FALSE,FALSE,
apt0063,8/9/2025,12:00 PM,2:00 PM,Car 1,GA,Talia Nguyen,Cameron Young,ABTW3,0,FALSE,FALSE,
apt0064,8/9/2025,2:00 PM,4:00 PM,Car 1,GA,Talia Nguyen,Drew Hawkins,TBTW7,0,FALSE,FALSE,
apt0065,8/9/2025,12:00 PM,2:00 PM,Car 2,CH,Omar Ruiz,Emery Soto,PL3,0,FALSE,FALSE,
apt0066,8/9/2025,2:00 PM,4:00 PM,Car 2,CH,Omar Ruiz,Finley Garcia,PL5,0,FALSE,FALSE,
apt0067,8/9/2025,4:00 PM,6:00 PM,Car 1,GA,Priya Shah,Hayden Kim,ABTW3,0,FALSE,FALSE,
apt0068,8/9/2025,6:00 PM,8:00 PM,Car 1,GA,Priya Shah,Jamie Rodriguez,TBTW7,0,FALSE,FALSE,
apt0069,8/9/2025,4:00 PM,6:00 PM,Car 2,CH,Lucas Bennett,Kendall Martinez,PL3,0,FALSE,FALSE,
apt0070,8/9/2025,6:00 PM,8:00 PM,Car 2,CH,Lucas Bennett,Logan Thompson,PL5,0,FALSE,FALSE,
apt0071,8/10/2025,8:00 AM,10:00 AM,Car 1,GA,Samira Ochoa,Madison White,ABTW3,0,FALSE,FALSE,
apt0072,8/10/2025,10:00 AM,12:00 PM,Car 1,GA,Samira Ochoa,Noah Anderson,TBTW7,0,FALSE,FALSE,
apt0073,8/10/2025,8:00 AM,10:00 AM,Car 2,CH,Noah Kim,Olivia Jackson,PL3,0,FALSE,FALSE,
apt0074,8/10/2025,10:00 AM,12:00 PM,Car 2,CH,Noah Kim,Parker Davis,PL5,0,FALSE,FALSE,
apt0075,8/10/2025,12:00 PM,2:00 PM,Car 1,GA,Helena Brooks,Quinn Wilson,ABTW3,0,FALSE,FALSE,
apt0076,8/10/2025,2:00 PM,4:00 PM,Car 1,GA,Helena Brooks,Riley Brown,TBTW7,0,FALSE,FALSE,
apt0077,8/10/2025,12:00 PM,2:00 PM,Car 2,CH,Riley Chen,Sawyer Taylor,PL3,0,FALSE,FALSE,
apt0078,8/10/2025,2:00 PM,4:00 PM,Car 2,CH,Riley Chen,Taylor Moore,PL5,0,FALSE,FALSE,
apt0079,8/10/2025,4:00 PM,6:00 PM,Car 3,GA,Morgan Price,Sage Martin,ABTW3,0,FALSE,FALSE,
apt0080,8/10/2025,6:00 PM,8:00 PM,Car 3,GA,Morgan Price,Jordan Lee,TBTW7,0,FALSE,FALSE,
apt0081,8/11/2025,8:00 AM,10:00 AM,Car 1,GA,Jake Morrison,Avery Harris,PL3,0,FALSE,FALSE,
apt0082,8/11/2025,10:00 AM,12:00 PM,Car 1,GA,Jake Morrison,Morgan Clark,PL5,0,FALSE,FALSE,
apt0083,8/11/2025,12:00 PM,2:00 PM,Car 1,GA,Jake Morrison,Casey Lewis,ABTW3,0,FALSE,FALSE,
apt0084,8/11/2025,2:00 PM,4:00 PM,Car 1,GA,Jake Morrison,Alex Robinson,TBTW7,0,FALSE,FALSE,
apt0085,8/11/2025,4:00 PM,6:00 PM,Car 1,GA,Talia Nguyen,Sam Walker,PL3,0,FALSE,FALSE,
apt0086,8/11/2025,6:00 PM,8:00 PM,Car 1,GA,Talia Nguyen,Charlie Hall,PL5,0,FALSE,FALSE,
apt0087,8/12/2025,8:00 AM,10:00 AM,Car 2,CH,Samira Ochoa,Devon Allen,ABTW3,0,FALSE,FALSE,
apt0088,8/12/2025,10:00 AM,12:00 PM,Car 2,CH,Samira Ochoa,Ellis Young,TBTW7,0,FALSE,FALSE,
apt0089,8/12/2025,12:00 PM,2:00 PM,Car 2,CH,Michelle Noyes,Frankie King,PL3,0,FALSE,FALSE,
apt0090,8/12/2025,2:00 PM,4:00 PM,Car 2,CH,Michelle Noyes,Gray Wright,PL5,0,FALSE,FALSE,
apt0091,8/12/2025,4:00 PM,6:00 PM,Car 2,CH,Omar Ruiz,Harper Scott,ABTW3,0,FALSE,FALSE,
apt0092,8/12/2025,6:00 PM,8:00 PM,Car 2,CH,Omar Ruiz,Indigo Green,TBTW7,0,FALSE,FALSE,
apt0093,8/13/2025,8:00 AM,10:00 AM,Car 3,GA,Helena Brooks,Jules Adams,PL3,0,FALSE,FALSE,
apt0094,8/13/2025,10:00 AM,12:00 PM,Car 3,GA,Helena Brooks,Kai Baker,PL5,0,FALSE,FALSE,
apt0095,8/13/2025,12:00 PM,2:00 PM,Car 3,GA,Helena Brooks,Lane Nelson,ABTW3,0,FALSE,FALSE,
apt0096,8/13/2025,2:00 PM,4:00 PM,Car 3,GA,Helena Brooks,Milan Carter,TBTW7,0,FALSE,FALSE,
apt0097,8/13/2025,4:00 PM,6:00 PM,Car 3,GA,Priya Shah,Noel Mitchell,PL3,0,FALSE,FALSE,
apt0098,8/13/2025,6:00 PM,8:00 PM,Car 3,GA,Priya Shah,Ocean Perez,PL5,0,FALSE,FALSE,
apt0099,8/14/2025,8:00 AM,10:00 AM,Car 1,GA,Dev Patel,Phoenix Roberts,ABTW3,0,FALSE,FALSE,
apt0100,8/14/2025,10:00 AM,12:00 PM,Car 1,GA,Dev Patel,Reese Turner,TBTW7,0,FALSE,FALSE,
apt0101,8/14/2025,12:00 PM,2:00 PM,Car 1,GA,Lucas Bennett,Skyler Phillips,PL3,0,FALSE,FALSE,
apt0102,8/14/2025,2:00 PM,4:00 PM,Car 1,GA,Lucas Bennett,Tatum Campbell,PL5,0,FALSE,FALSE,
apt0103,8/14/2025,4:00 PM,6:00 PM,Car 1,GA,Riley Chen,Unity Parker,ABTW3,0,FALSE,FALSE,
apt0104,8/14/2025,6:00 PM,8:00 PM,Car 1,GA,Riley Chen,Vale Evans,TBTW7,0,FALSE,FALSE,
apt0105,8/15/2025,8:00 AM,10:00 AM,Car 3,GA,Pat Reese,Winter Edwards,PL3,0,FALSE,FALSE,
apt0106,8/15/2025,10:00 AM,12:00 PM,Car 3,GA,Pat Reese,Xander Collins,PL5,0,FALSE,FALSE,
apt0107,8/15/2025,4:00 PM,6:00 PM,Car 3,GA,Morgan Price,Yuki Stewart,ABTW3,0,FALSE,FALSE,
apt0108,8/15/2025,6:00 PM,8:00 PM,Car 3,GA,Morgan Price,Zion Sanchez,TBTW7,0,FALSE,FALSE,
apt0109,8/16/2025,8:00 AM,10:00 AM,Car 1,GA,Jake Morrison,Arden Morris,PL3,0,FALSE,FALSE,
apt0110,8/16/2025,10:00 AM,12:00 PM,Car 1,GA,Jake Morrison,Blair Rogers,PL5,0,FALSE,FALSE,
apt0111,8/16/2025,8:00 AM,10:00 AM,Car 2,CH,Michelle Noyes,Avery Chen,ABTW3,0,FALSE,FALSE,
apt0112,8/16/2025,10:00 AM,12:00 PM,Car 2,CH,Michelle Noyes,Jordan Patel,TBTW7,0,FALSE,FALSE,
apt0113,8/16/2025,8:00 AM,10:00 AM,Car 3,GA,Isabel Torres,Morgan Lee,PL3,0,FALSE,FALSE,
apt0114,8/16/2025,10:00 AM,12:00 PM,Car 3,GA,Isabel Torres,River Singh,PL5,0,FALSE,FALSE,
apt0115,8/16/2025,12:00 PM,2:00 PM,Car 1,GA,Talia Nguyen,Casey Diaz,ABTW3,0,FALSE,FALSE,
apt0116,8/16/2025,2:00 PM,4:00 PM,Car 1,GA,Talia Nguyen,Alexis Moore,TBTW7,0,FALSE,FALSE,
apt0117,8/16/2025,12:00 PM,2:00 PM,Car 2,CH,Omar Ruiz,Blake Turner,PL3,0,FALSE,FALSE,
apt0118,8/16/2025,2:00 PM,4:00 PM,Car 2,CH,Omar Ruiz,Cameron Young,PL5,0,FALSE,FALSE,
apt0119,8/16/2025,4:00 PM,6:00 PM,Car 1,GA,Priya Shah,Drew Hawkins,ABTW3,0,FALSE,FALSE,
apt0120,8/16/2025,6:00 PM,8:00 PM,Car 1,GA,Priya Shah,Emery Soto,TBTW7,0,FALSE,FALSE,
apt0121,8/16/2025,4:00 PM,6:00 PM,Car 2,CH,Lucas Bennett,Finley Garcia,PL3,0,FALSE,FALSE,
apt0122,8/16/2025,6:00 PM,8:00 PM,Car 2,CH,Lucas Bennett,Hayden Kim,PL5,0,FALSE,FALSE,
apt0123,8/17/2025,8:00 AM,10:00 AM,Car 1,GA,Samira Ochoa,Jamie Rodriguez,ABTW3,0,FALSE,FALSE,
apt0124,8/17/2025,10:00 AM,12:00 PM,Car 1,GA,Samira Ochoa,Kendall Martinez,TBTW7,0,FALSE,FALSE,
apt0125,8/17/2025,8:00 AM,10:00 AM,Car 2,CH,Noah Kim,Logan Thompson,PL3,0,FALSE,FALSE,
apt0126,8/17/2025,10:00 AM,12:00 PM,Car 2,CH,Noah Kim,Madison White,PL5,0,FALSE,FALSE,
apt0127,8/17/2025,12:00 PM,2:00 PM,Car 1,GA,Helena Brooks,Noah Anderson,ABTW3,0,FALSE,FALSE,
apt0128,8/17/2025,2:00 PM,4:00 PM,Car 1,GA,Helena Brooks,Olivia Jackson,TBTW7,0,FALSE,FALSE,
apt0129,8/17/2025,12:00 PM,2:00 PM,Car 2,CH,Riley Chen,Parker Davis,PL3,0,FALSE,FALSE,
apt0130,8/17/2025,2:00 PM,4:00 PM,Car 2,CH,Riley Chen,Quinn Wilson,PL5,0,FALSE,FALSE,
apt0131,8/17/2025,4:00 PM,6:00 PM,Car 3,GA,Morgan Price,Riley Brown,ABTW3,0,FALSE,FALSE,
apt0132,8/17/2025,6:00 PM,8:00 PM,Car 3,GA,Morgan Price,Sawyer Taylor,TBTW7,0,FALSE,FALSE,
apt0133,8/18/2025,8:00 AM,10:00 AM,Car 1,GA,Jake Morrison,Taylor Moore,PL3,0,FALSE,FALSE,
apt0134,8/18/2025,10:00 AM,12:00 PM,Car 1,GA,Jake Morrison,Sage Martin,PL5,0,FALSE,FALSE,
apt0135,8/18/2025,12:00 PM,2:00 PM,Car 1,GA,Jake Morrison,Jordan Lee,ABTW3,0,FALSE,FALSE,
apt0136,8/18/2025,2:00 PM,4:00 PM,Car 1,GA,Jake Morrison,Avery Harris,TBTW7,0,FALSE,FALSE,
apt0137,8/18/2025,4:00 PM,6:00 PM,Car 1,GA,Talia Nguyen,Morgan Clark,PL3,0,FALSE,FALSE,
apt0138,8/18/2025,6:00 PM,8:00 PM,Car 1,GA,Talia Nguyen,Casey Lewis,PL5,0,FALSE,FALSE,
apt0139,8/19/2025,8:00 AM,10:00 AM,Car 2,CH,Samira Ochoa,Alex Robinson,ABTW3,0,FALSE,FALSE,
apt0140,8/19/2025,10:00 AM,12:00 PM,Car 2,CH,Samira Ochoa,Sam Walker,TBTW7,0,FALSE,FALSE,
apt0141,8/19/2025,12:00 PM,2:00 PM,Car 2,CH,Michelle Noyes,Charlie Hall,PL3,0,FALSE,FALSE,
apt0142,8/19/2025,2:00 PM,4:00 PM,Car 2,CH,Michelle Noyes,Devon Allen,PL5,0,FALSE,FALSE,
apt0143,8/19/2025,4:00 PM,6:00 PM,Car 2,CH,Omar Ruiz,Ellis Young,ABTW3,0,FALSE,FALSE,
apt0144,8/19/2025,6:00 PM,8:00 PM,Car 2,CH,Omar Ruiz,Frankie King,TBTW7,0,FALSE,FALSE,
apt0145,8/20/2025,8:00 AM,10:00 AM,Car 3,GA,Helena Brooks,Gray Wright,PL3,0,FALSE,FALSE,
apt0146,8/20/2025,10:00 AM,12:00 PM,Car 3,GA,Helena Brooks,Harper Scott,PL5,0,FALSE,FALSE,
apt0147,8/20/2025,12:00 PM,2:00 PM,Car 3,GA,Helena Brooks,Indigo Green,ABTW3,0,FALSE,FALSE,
apt0148,8/20/2025,2:00 PM,4:00 PM,Car 3,GA,Helena Brooks,Jules Adams,TBTW7,0,FALSE,FALSE,
apt0149,8/20/2025,4:00 PM,6:00 PM,Car 3,GA,Priya Shah,Kai Baker,PL3,0,FALSE,FALSE,
apt0150,8/20/2025,6:00 PM,8:00 PM,Car 3,GA,Priya Shah,Lane Nelson,PL5,0,FALSE,FALSE,
apt0151,8/21/2025,8:00 AM,10:00 AM,Car 1,GA,Dev Patel,Milan Carter,ABTW3,0,FALSE,FALSE,
apt0152,8/21/2025,10:00 AM,12:00 PM,Car 1,GA,Dev Patel,Noel Mitchell,TBTW7,0,FALSE,FALSE,
apt0153,8/21/2025,12:00 PM,2:00 PM,Car 1,GA,Lucas Bennett,Ocean Perez,PL3,0,FALSE,FALSE,
apt0154,8/21/2025,2:00 PM,4:00 PM,Car 1,GA,Lucas Bennett,Phoenix Roberts,PL5,0,FALSE,FALSE,
apt0155,8/21/2025,4:00 PM,6:00 PM,Car 1,GA,Riley Chen,Reese Turner,ABTW3,0,FALSE,FALSE,
apt0156,8/21/2025,6:00 PM,8:00 PM,Car 1,GA,Riley Chen,Skyler Phillips,TBTW7,0,FALSE,FALSE,
apt0157,8/22/2025,8:00 AM,10:00 AM,Car 3,GA,Pat Reese,Tatum Campbell,PL3,0,FALSE,FALSE,
apt0158,8/22/2025,10:00 AM,12:00 PM,Car 3,GA,Pat Reese,Unity Parker,PL5,0,FALSE,FALSE,
apt0159,8/22/2025,4:00 PM,6:00 PM,Car 3,GA,Morgan Price,Vale Evans,ABTW3,0,FALSE,FALSE,
apt0160,8/22/2025,6:00 PM,8:00 PM,Car 3,GA,Morgan Price,Winter Edwards,TBTW7,0,FALSE,FALSE,
apt0161,8/23/2025,8:00 AM,10:00 AM,Car 1,GA,Jake Morrison,Xander Collins,PL3,0,FALSE,FALSE,
apt0162,8/23/2025,10:00 AM,12:00 PM,Car 1,GA,Jake Morrison,Yuki Stewart,PL5,0,FALSE,FALSE,
apt0163,8/23/2025,8:00 AM,10:00 AM,Car 2,CH,Michelle Noyes,Zion Sanchez,ABTW3,0,FALSE,FALSE,
apt0164,8/23/2025,10:00 AM,12:00 PM,Car 2,CH,Michelle Noyes,Arden Morris,TBTW7,0,FALSE,FALSE,
apt0165,8/23/2025,8:00 AM,10:00 AM,Car 3,GA,Isabel Torres,Blair Rogers,PL3,0,FALSE,FALSE,
apt0166,8/23/2025,10:00 AM,12:00 PM,Car 3,GA,Isabel Torres,Avery Chen,PL5,0,FALSE,FALSE,
apt0167,8/23/2025,12:00 PM,2:00 PM,Car 1,GA,Talia Nguyen,Jordan Patel,ABTW3,0,FALSE,FALSE,
apt0168,8/23/2025,2:00 PM,4:00 PM,Car 1,GA,Talia Nguyen,Morgan Lee,TBTW7,0,FALSE,FALSE,
apt0169,8/23/2025,12:00 PM,2:00 PM,Car 2,CH,Omar Ruiz,River Singh,PL3,0,FALSE,FALSE,
apt0170,8/23/2025,2:00 PM,4:00 PM,Car 2,CH,Omar Ruiz,Casey Diaz,PL5,0,FALSE,FALSE,
apt0171,8/23/2025,4:00 PM,6:00 PM,Car 1,GA,Priya Shah,Alexis Moore,ABTW3,0,FALSE,FALSE,
apt0172,8/23/2025,6:00 PM,8:00 PM,Car 1,GA,Priya Shah,Blake Turner,TBTW7,0,FALSE,FALSE,
apt0173,8/23/2025,4:00 PM,6:00 PM,Car 2,CH,Lucas Bennett,Cameron Young,PL3,0,FALSE,FALSE,
apt0174,8/23/2025,6:00 PM,8:00 PM,Car 2,CH,Lucas Bennett,Drew Hawkins,PL5,0,FALSE,FALSE,
apt0175,8/24/2025,8:00 AM,10:00 AM,Car 1,GA,Samira Ochoa,Emery Soto,ABTW3,0,FALSE,FALSE,
apt0176,8/24/2025,10:00 AM,12:00 PM,Car 1,GA,Samira Ochoa,Finley Garcia,TBTW7,0,FALSE,FALSE,
apt0177,8/24/2025,8:00 AM,10:00 AM,Car 2,CH,Noah Kim,Hayden Kim,PL3,0,FALSE,FALSE,
apt0178,8/24/2025,10:00 AM,12:00 PM,Car 2,CH,Noah Kim,Jamie Rodriguez,PL5,0,FALSE,FALSE,
apt0179,8/24/2025,12:00 PM,2:00 PM,Car 1,GA,Helena Brooks,Kendall Martinez,ABTW3,0,FALSE,FALSE,
apt0180,8/24/2025,2:00 PM,4:00 PM,Car 1,GA,Helena Brooks,Logan Thompson,TBTW7,0,FALSE,FALSE,
apt0181,8/24/2025,12:00 PM,2:00 PM,Car 2,CH,Riley Chen,Madison White,PL3,0,FALSE,FALSE,
apt0182,8/24/2025,2:00 PM,4:00 PM,Car 2,CH,Riley Chen,Noah Anderson,PL5,0,FALSE,FALSE,
apt0183,8/24/2025,4:00 PM,6:00 PM,Car 3,GA,Morgan Price,Olivia Jackson,ABTW3,0,FALSE,FALSE,
apt0184,8/24/2025,6:00 PM,8:00 PM,Car 3,GA,Morgan Price,Parker Davis,TBTW7,0,FALSE,FALSE,
apt0185,8/25/2025,8:00 AM,10:00 AM,Car 1,GA,Jake Morrison,Quinn Wilson,PL3,0,FALSE,FALSE,
apt0186,8/25/2025,10:00 AM,12:00 PM,Car 1,GA,Jake Morrison,Riley Brown,PL5,0,FALSE,FALSE,
apt0187,8/25/2025,12:00 PM,2:00 PM,Car 1,GA,Jake Morrison,Sawyer Taylor,ABTW3,0,FALSE,FALSE,
apt0188,8/25/2025,2:00 PM,4:00 PM,Car 1,GA,Jake Morrison,Taylor Moore,TBTW7,0,FALSE,FALSE,
apt0189,8/25/2025,4:00 PM,6:00 PM,Car 1,GA,Talia Nguyen,Sage Martin,PL3,0,FALSE,FALSE,
apt0190,8/25/2025,6:00 PM,8:00 PM,Car 1,GA,Talia Nguyen,Jordan Lee,PL5,0,FALSE,FALSE,
apt0191,8/26/2025,8:00 AM,10:00 AM,Car 2,CH,Samira Ochoa,Avery Harris,ABTW3,0,FALSE,FALSE,
apt0192,8/26/2025,10:00 AM,12:00 PM,Car 2,CH,Samira Ochoa,Morgan Clark,TBTW7,0,FALSE,FALSE,
apt0193,8/26/2025,12:00 PM,2:00 PM,Car 2,CH,Michelle Noyes,Casey Lewis,PL3,0,FALSE,FALSE,
apt0194,8/26/2025,2:00 PM,4:00 PM,Car 2,CH,Michelle Noyes,Alex Robinson,PL5,0,FALSE,FALSE,
apt0195,8/26/2025,4:00 PM,6:00 PM,Car 2,CH,Omar Ruiz,Sam Walker,ABTW3,0,FALSE,FALSE,
apt0196,8/26/2025,6:00 PM,8:00 PM,Car 2,CH,Omar Ruiz,Charlie Hall,TBTW7,0,FALSE,FALSE,
apt0197,8/27/2025,8:00 AM,10:00 AM,Car 3,GA,Helena Brooks,Devon Allen,PL3,0,FALSE,FALSE,
apt0198,8/27/2025,10:00 AM,12:00 PM,Car 3,GA,Helena Brooks,Ellis Young,PL5,0,FALSE,FALSE,
apt0199,8/27/2025,12:00 PM,2:00 PM,Car 3,GA,Helena Brooks,Frankie King,ABTW3,0,FALSE,FALSE,
apt0200,8/27/2025,2:00 PM,4:00 PM,Car 3,GA,Helena Brooks,Gray Wright,TBTW7,0,FALSE,FALSE,
apt0201,8/27/2025,4:00 PM,6:00 PM,Car 3,GA,Priya Shah,Harper Scott,PL3,0,FALSE,FALSE,
apt0202,8/27/2025,6:00 PM,8:00 PM,Car 3,GA,Priya Shah,Indigo Green,PL5,0,FALSE,FALSE,
apt0203,8/28/2025,8:00 AM,10:00 AM,Car 1,GA,Dev Patel,Jules Adams,ABTW3,0,FALSE,FALSE,
apt0204,8/28/2025,10:00 AM,12:00 PM,Car 1,GA,Dev Patel,Kai Baker,TBTW7,0,FALSE,FALSE,
apt0205,8/28/2025,12:00 PM,2:00 PM,Car 1,GA,Lucas Bennett,Lane Nelson,PL3,0,FALSE,FALSE,
apt0206,8/28/2025,2:00 PM,4:00 PM,Car 1,GA,Lucas Bennett,Milan Carter,PL5,0,FALSE,FALSE,
apt0207,8/28/2025,4:00 PM,6:00 PM,Car 1,GA,Riley Chen,Noel Mitchell,ABTW3,0,FALSE,FALSE,
apt0208,8/28/2025,6:00 PM,8:00 PM,Car 1,GA,Riley Chen,Ocean Perez,TBTW7,0,FALSE,FALSE,
apt0209,8/29/2025,8:00 AM,10:00 AM,Car 3,GA,Pat Reese,Phoenix Roberts,PL3,0,FALSE,FALSE,
apt0210,8/29/2025,10:00 AM,12:00 PM,Car 3,GA,Pat Reese,Reese Turner,PL5,0,FALSE,FALSE,
apt0211,8/29/2025,4:00 PM,6:00 PM,Car 3,GA,Morgan Price,Skyler Phillips,ABTW3,0,FALSE,FALSE,
apt0212,8/29/2025,6:00 PM,8:00 PM,Car 3,GA,Morgan Price,Tatum Campbell,TBTW7,0,FALSE,FALSE,
apt0213,8/30/2025,8:00 AM,10:00 AM,Car 1,GA,Jake Morrison,Unity Parker,PL3,0,FALSE,FALSE,
apt0214,8/30/2025,10:00 AM,12:00 PM,Car 1,GA,Jake Morrison,Vale Evans,PL5,0,FALSE,FALSE,
apt0215,8/30/2025,8:00 AM,10:00 AM,Car 2,CH,Michelle Noyes,Winter Edwards,ABTW3,0,FALSE,FALSE,
apt0216,8/30/2025,10:00 AM,12:00 PM,Car 2,CH,Michelle Noyes,Xander Collins,TBTW7,0,FALSE,FALSE,
apt0217,8/30/2025,8:00 AM,10:00 AM,Car 3,GA,Isabel Torres,Yuki Stewart,PL3,0,FALSE,FALSE,
apt0218,8/30/2025,10:00 AM,12:00 PM,Car 3,GA,Isabel Torres,Zion Sanchez,PL5,0,FALSE,FALSE,
apt0219,8/30/2025,12:00 PM,2:00 PM,Car 1,GA,Talia Nguyen,Arden Morris,ABTW3,0,FALSE,FALSE,
apt0220,8/30/2025,2:00 PM,4:00 PM,Car 1,GA,Talia Nguyen,Blair Rogers,TBTW7,0,FALSE,FALSE,
apt0221,8/30/2025,12:00 PM,2:00 PM,Car 2,CH,Omar Ruiz,Avery Chen,PL3,0,FALSE,FALSE,
apt0222,8/30/2025,2:00 PM,4:00 PM,Car 2,CH,Omar Ruiz,Jordan Patel,PL5,0,FALSE,FALSE,
apt0223,8/30/2025,4:00 PM,6:00 PM,Car 1,GA,Priya Shah,Morgan Lee,ABTW3,0,FALSE,FALSE,
apt0224,8/30/2025,6:00 PM,8:00 PM,Car 1,GA,Priya Shah,River Singh,TBTW7,0,FALSE,FALSE,
apt0225,8/30/2025,4:00 PM,6:00 PM,Car 2,CH,Lucas Bennett,Casey Diaz,PL3,0,FALSE,FALSE,
apt0226,8/30/2025,6:00 PM,8:00 PM,Car 2,CH,Lucas Bennett,Alexis Moore,PL5,0,FALSE,FALSE,
apt0227,8/31/2025,8:00 AM,10:00 AM,Car 1,GA,Samira Ochoa,Blake Turner,ABTW3,0,FALSE,FALSE,
apt0228,8/31/2025,10:00 AM,12:00 PM,Car 1,GA,Samira Ochoa,Cameron Young,TBTW7,0,FALSE,FALSE,
apt0229,8/31/2025,8:00 AM,10:00 AM,Car 2,CH,Noah Kim,Drew Hawkins,PL3,0,FALSE,FALSE,
apt0230,8/31/2025,10:00 AM,12:00 PM,Car 2,CH,Noah Kim,Emery Soto,PL5,0,FALSE,FALSE,
apt0231,8/31/2025,12:00 PM,2:00 PM,Car 1,GA,Helena Brooks,Finley Garcia,ABTW3,0,FALSE,FALSE,
apt0232,8/31/2025,2:00 PM,4:00 PM,Car 1,GA,Helena Brooks,Hayden Kim,TBTW7,0,FALSE,FALSE,
apt0233,8/31/2025,12:00 PM,2:00 PM,Car 2,CH,Riley Chen,Jamie Rodriguez,PL3,0,FALSE,FALSE,
apt0234,8/31/2025,2:00 PM,4:00 PM,Car 2,CH,Riley Chen,Kendall Martinez,PL5,0,FALSE,FALSE,
apt0235,8/31/2025,4:00 PM,6:00 PM,Car 3,GA,Morgan Price,Logan Thompson,ABTW3,0,FALSE,FALSE,
apt0236,8/31/2025,6:00 PM,8:00 PM,Car 3,GA,Morgan Price,Madison White,TBTW7,0,FALSE,FALSE,
